{
	"0":{
		"Name":"Rocky Duck",
		"Health":10,
		"Effects":[
			{
				"Type":"Deal Damage",
				"Area":[
					"1 diagonal",
					"1 horizontal"
				],
				"Ammount":1
			}
		],
		"Rarity":"Common",
		"Cost":5,
		"Speed":1,
		"SpritePos":[0,0]
	},
	"1":{
		"Name":"Rocky Steed",
		"Health":20,
		"Effects":[
			{
				"Type":"Deal Damage",
				"Area":[
					"1 diagonal",
					"1 horizontal"
				],
				"Ammount":2
			}
		],
		"Rarity":"Uncommon",
		"Cost":20,
		"Speed":3,
		"SpritePos":[20,0]
	},
	"2":{
		"Name":"Rocky Wolf",
		"Health":15,
		"Effects":[
			{
				"Type":"Deal Damage",
				"Area":[
					"1 diagonal",
					"1 horizontal"
				],
				"Ammount":3
			}
		],
		"Rarity":"Rare",
		"Cost":15,
		"Speed":2,
		"SpritePos":[40,0]
	},
	"3":{
		"Name":"Rocky Tiger",
		"Health":30,
		"Effects":[
			{
				"Type":"Deal Damage",
				"Area":[
					"1 diagonal",
					"1 horizontal"
				],
				"Ammount":4
			}
		],
		"Rarity":"Epic",
		"Cost":50,
		"Speed":3,
		"SpritePos":[60,0]
	},
	"4":{
		"Name":"Rocky Dragon",
		"Health":50,
		"Effects":[
			{
				"Type":"Deal Damage",
				"Area":[
					"1 diagonal",
					"1 horizontal"
				],
				"Ammount":5
			}
		],
		"Rarity":"Legendary",
		"Cost":75,
		"Speed":4,
		"SpritePos":[80,0]
	}
}